{
  "name": "Trigger Build",
  "form": "e88c84d8-5f8e-4ff9-87e3-cd0a2ca96d51",
  "blocks": [
    {
      "id": "1fa72226-08f7-4e13-b7aa-c20c5323c095",
      "endpoint": "Travis CI",
      "label": "Travis CI - Trigger Build",
      "environment": "HOSTED",
      "presentation": "{\"w\":60,\"x\":170,\"h\":60,\"y\":0}",
      "step": "058aff1a-f407-4afe-bc08-06cf2e5b7b0b",
      "stepType": "SCRIPT_STEP",
      "inputMappings": [
        {
          "inputPort": "input",
          "mapping": "${constants.Travis CI API Token}",
          "stepInput": "55d1b67c-0321-44fa-879b-52495f2533a7"
        },
        {
          "inputPort": "input",
          "mapping": "master",
          "stepInput": "a546033a-ecaf-48cf-acb4-060956e4676d"
        }
      ]
    },
    {
      "id": "58c11ba4-9671-4534-b823-06f4e870919b",
      "label": "Trigger Build - Do Nothing Trigger 2",
      "environment": "HOSTED",
      "presentation": "{\"w\":60,\"x\":0,\"h\":60,\"y\":1}",
      "step": "7cbc02ec-f937-4528-a240-ade91a0b048b",
      "stepType": "INTEGRATION"
    }
  ],
  "edges": [
    {
      "fromBlock": "58c11ba4-9671-4534-b823-06f4e870919b",
      "fromPort": "output",
      "toBlock": "1fa72226-08f7-4e13-b7aa-c20c5323c095",
      "toPort": "input"
    }
  ]
}