{
  "integrations": [
    {
      "id": "7cbc02ec-f937-4528-a240-ade91a0b048b",
      "name": "Trigger Build - Do Nothing Trigger 2",
      "action": "RUN_SCRIPT",
      "type": "INBOUND_WEBHOOK",
      "deployed": true,
      "form": "e88c84d8-5f8e-4ff9-87e3-cd0a2ca96d51",
      "environment": "HOSTED",
      "authType": "URL",
      "createdBy": "FLOW",
      "integrationScriptStepUuid": "5e613c64-5af9-4485-8abd-94c0231c9f04"
    }
  ],
  "endpoints": [
    {
      "name": "Travis CI",
      "baseUrl": "https://api.travis-ci.org/repo",
      "type": "EXTERNAL",
      "authentication": "NO_AUTH"
    }
  ],
  "constants": [
    {
      "name": "Travis CI API Token",
      "value": "<API KEY>",
      "description": "API Token for Travis CI"
    }
  ]
}