[
  {
    "id": "5e613c64-5af9-4485-8abd-94c0231c9f04",
    "name": "Do Nothing Trigger",
    "description": "Just triggers a flow",
    "icon": "/static/images/script_steps/http-trigger.png",
    "script": "//",
    "endpointLabel": "",
    "allowedEnvironment": "HOSTED",
    "accessibleByAll": "NotShared",
    "scriptStepType": "CUSTOM_HTTP",
    "inputs": [],
    "outputs": [
      {
        "id": "c2d88124-ccdc-40d3-a200-8b03e31348e1",
        "name": "Data",
        "description": "",
        "position": 0
      }
    ],
    "libraries": []
  },
  {
    "id": "058aff1a-f407-4afe-bc08-06cf2e5b7b0b",
    "name": "Travis CI - Trigger Build",
    "description": "Triggers a build in Travis CI",
    "icon": "https://s3-xmatters-static.s3.amazonaws.com/null/customers/aa4ff4cd-06da-460c-b2d0-bb34ad66da69/IMAGE__20200520211207882__travisci.png",
    "script": "var path = encodeURIComponent(input['Repository']);\nconsole.log(`encoded path: ${path}`);\n\nvar travisCIRequest = http.request({\n    'endpoint': 'Travis CI',\n    'path': \"/\" + path + \"/requests\",\n    'method': 'POST',\n    'headers': {\n        'Content-Type': 'application/json',\n        'Accept': 'application/json',\n        'Travis-API-Version': 3,\n        'Authorization': 'token ' + input['API Token']\n    },\n    autoEncodeURI: false\n});\n\n\nrequestBody = {\n    \"request\": {\n        \"branch\": input['Branch']\n    }\n};\n\nresponse = travisCIRequest.write(requestBody);\n\nbody = {};\nif (response.statusCode >= 200 && response.statusCode < 300) {\n    body = JSON.parse(response.body);\n    output['result'] = body\n} else {\n    throw \"Failed: \" + response.statusCode + \" \" + response.statusMessage;\n}\n",
    "endpointLabel": "Travis CI",
    "allowedEnvironment": "HOSTED",
    "accessibleByAll": "NotShared",
    "scriptStepType": "USER",
    "inputs": [
      {
        "id": "55d1b67c-0321-44fa-879b-52495f2533a7",
        "name": "API Token",
        "helpText": "Personal API Token for Travis CI",
        "defaultValue": "",
        "multiline": false,
        "required": true,
        "maxLength": 2000,
        "minLength": 0,
        "position": 0
      },
      {
        "id": "eea2b9ee-b6f1-4257-8988-4a0ef20e0bba",
        "name": "Repository",
        "helpText": "Full repo name `user/repo`",
        "defaultValue": "",
        "multiline": false,
        "required": true,
        "maxLength": 2000,
        "minLength": 0,
        "position": 1
      },
      {
        "id": "a546033a-ecaf-48cf-acb4-060956e4676d",
        "name": "Branch",
        "helpText": "Branch to build from",
        "defaultValue": "master",
        "multiline": false,
        "required": true,
        "maxLength": 2000,
        "minLength": 0,
        "position": 2
      }
    ],
    "outputs": [
      {
        "id": "18bbf20d-58a9-4ac1-889b-455370655441",
        "name": "result",
        "position": 0
      }
    ],
    "libraries": []
  }
]